trial_id,motion_id,motion_name,sample_idx,sample_label,t_sec,x_gt,y_gt,yaw_gt_deg,x_odom,y_odom,yaw_odom_deg,dx_odom,dy_odom,epos_odom,dyaw_odom_deg,x_filt,y_filt,yaw_filt_deg,dx_filt,dy_filt,epos_filt,dyaw_filt_deg
1,1,straight_1m,0,start,1762258757.152025,0.0,0.0,0.0,0.0018227965338155627,-0.001185318105854094,1.2792999434771224,0.0018227965338155627,-0.001185318105854094,0.0021742967175055862,1.2792999434771224,0.0018227965338155627,-0.001185318105854094,1.2793000193939563,0.0018227965338155627,-0.001185318105854094,0.0021742967175055862,1.2793000193939563
